PubmedID,Title,Publication Date,Non-academic Author(s),Company Affiliation(s)
39782668,Drug Development.,2024,Brian L Egleston,"Fox Chase Cancer Center, Philadelphia, PA, USA."
39782635,Drug Development.,2024,,
39782598,Drug Development.,2024,,
39782564,Drug Development.,2024,,
39782541,Correction: Camptothecin-based prodrug nanomedicines for cancer therapy.,2025,,
39782516,Drug Development.,2024,Hong Zhao; Zheng Yin; Stephen T C Wong,"Houston Methodist Cancer Center, Houston, TX, USA.; The TT & WF Chao Center for BRAIN and Houston Methodist Neal Cancer Center, Houston Methodist Hospital, Houston, TX, USA.; The TT & WF Chao Center for BRAIN and Houston Methodist Neal Cancer Center, Houston Methodist Hospital, Houston, TX, USA."
39782515,Drug Development.,2024,Wenyan Lu; Keiji Kawatani; Suren Jeevaratnam; Guojun Bu; Takahisa Kanekiyo; Yonghe Li,"Mayo Clinic, Jacksonville, FL, USA.; Mayo Clinic, Jacksonville, FL, USA.; Mayo Clinic, Jacksonville, FL, USA.; Mayo Clinic, Jacksonville, FL, USA.; Mayo Clinic, Jacksonville, FL, USA.; Mayo Clinic, Jacksonville, FL, USA."
39782501,Drug Development.,2024,,
39782456,Drug Development.,2024,Lia Ficaro; Drew R Jones,"NYU Langone Health, New York, NY, USA.; NYU Langone Health, New York, NY, USA."
39782303,Outcomes of Immunotherapy Treatment in Sinonasal Mucosal Melanoma.,2025,Rijul S Kshirsagar; Jacob G Eide; Brian J Johnson; Carlos D Pinheiro-Neto; Garret Choby,"Department of Otolaryngology-Head and Neck Surgery, Kaiser Permanente Redwood City Medical Center, Redwood City, California.; Department of Otolaryngology-Head and Neck Surgery, Henry Ford Health System, Detroit, Michigan.; Department of Otolaryngology-Head and Neck Surgery, Mayo Clinic, Rochester, Minnesota.; Department of Otolaryngology-Head and Neck Surgery, Mayo Clinic, Rochester, Minnesota.; Department of Otolaryngology-Head and Neck Surgery, Mayo Clinic, Rochester, Minnesota."
